MaGiangVien,HoVaTen,Email,SoDienThoai
11,Tobie Hirtz,tobie.hirtz@gmail.com,9090014407
12,Lombard Joynson,lombard.joynson@orange.fr,7644865944
13,Thornie O' Finan,thornie.o' finan@hotmail.com,2535506764
14,Mahalia Danis,mahalia.danis@yahoo.co.in,1562209542
15,Cindy Truitt,cindy.truitt@hotmail.com,9271031136
16,Helge Beddis,helge.beddis@yahoo.com,3340614351
17,Elita Tothe,elita.tothe@outlook.com,8943172952
18,Pete Magson,pete.magson@gmx.de,8827366438
19,Crawford Churchward,crawford.churchward@yahoo.co.uk,8526488498
20,Eadie Beaston,eadie.beaston@hotmail.com,1715638046
21,Johan Geard,johan.geard@gmail.com,3020595070
22,Howard Darcy,howard.darcy@gmail.com,1135177179
23,Clerc Alday,clerc.alday@hotmail.com,0276277660
24,Moyra Bernollet,moyra.bernollet@outlook.com,2263821033
25,Brigida Messent,brigida.messent@aol.com,1900135933
26,Ozzy Stivey,ozzy.stivey@yahoo.com,0822367320
27,Brion Dowker,brion.dowker@hotmail.com,8786371375
28,Nedi Revill,nedi.revill@gmail.com,9647158036
29,Sheelah Almon,sheelah.almon@gmx.de,4317028415
30,Carlynne Kornel,carlynne.kornel@yahoo.com,2621515095
31,Sibbie Scardifield,sibbie.scardifield@gmail.com,2579961727
32,Polly Drinkhill,polly.drinkhill@comcast.net,8808510152
33,Beret Fessions,beret.fessions@yahoo.com,2135191605
34,Nikolaos Gaggen,nikolaos.gaggen@gmail.com,2608881039
35,Rip Duhig,rip.duhig@yahoo.com,8098571789
36,Randy Castagneto,randy.castagneto@hotmail.com,8007922670
37,Alexina Budik,alexina.budik@gmail.com,3863201072
38,Clea Purchase,clea.purchase@yahoo.com,5606027757
39,Georgie Saket,georgie.saket@hotmail.com,3767866475
40,Roderigo Scholer,roderigo.scholer@hotmail.com,3397372963
41,La verne Perutto,la verne.perutto@gmail.com,8105991527
42,Vernon Kydde,vernon.kydde@yahoo.com,2951260253
43,Skipp Southern,skipp.southern@yandex.ru,8153962109
44,Ethelred Skingley,ethelred.skingley@hotmail.com,0931119147
45,Bradford Phin,bradford.phin@aol.com,6519644611
46,Douglas Thomassin,douglas.thomassin@yahoo.com,0714118777
47,Ardine Borres,ardine.borres@aliceadsl.fr,5747747577
48,Ezri Skydall,ezri.skydall@hotmail.com,5248714622
49,Clara Wakeman,clara.wakeman@yahoo.co.uk,8578628580
50,Amalea Katte,amalea.katte@hotmail.com,6854738466
51,Stevy Lindsley,stevy.lindsley@charter.net,7487241249
52,Davie Ure,davie.ure@yahoo.com,9232429046
53,Webb Mudle,webb.mudle@yahoo.com,0387667228
54,Keith Epsly,keith.epsly@yahoo.com,2670727214
55,Randolph Hodgin,randolph.hodgin@yahoo.com,0992509722
56,Leopold Kwietak,leopold.kwietak@live.fr,3216528480
57,Webster Gubbin,webster.gubbin@yahoo.com,3319532056
58,Arden Greader,arden.greader@yahoo.ca,5955302781
59,Aloise Poter,aloise.poter@hotmail.com,8125174922
60,Kelvin Hatfull,kelvin.hatfull@gmx.de,7815566953
61,Ignatius Robertis,ignatius.robertis@gmail.com,4672385732
62,Coop Antrag,coop.antrag@gmx.de,4526789384
63,Arda Richardt,arda.richardt@yahoo.com,6564934311
64,Cassaundra Berthe,cassaundra.berthe@free.fr,5393462996
65,Dell Farran,dell.farran@gmail.com,7624304416
66,Agnes Fearn,agnes.fearn@hotmail.com,7535235830
67,Rad Prevett,rad.prevett@hotmail.fr,9423333998
68,Mar Giacovazzo,mar.giacovazzo@bellsouth.net,0479553897
69,Gaylor Beggan,gaylor.beggan@hotmail.com,4627390359
70,Rainer Shearwood,rainer.shearwood@gmail.com,5271558555
71,Stanford Burberye,stanford.burberye@gmail.com,4732311427
72,Dietrich Chattoe,dietrich.chattoe@hotmail.com,2048510237
73,Bobbye Lavalle,bobbye.lavalle@yahoo.com,3664679383
74,Harper Pairpoint,harper.pairpoint@gmail.com,7722164400
75,Linnie Munford,linnie.munford@yahoo.com,3024631701
76,Tracey McBeth,tracey.mcbeth@gmail.com,8492873144
77,Celia Sibbson,celia.sibbson@centurytel.net,1198992662
78,Francesco Muttock,francesco.muttock@yahoo.co.in,1331497176
79,Trula Pearsall,trula.pearsall@hotmail.com,7785933147
80,Dukey McCloid,dukey.mccloid@aol.com,9317447536
81,Lorrie Skrzynski,lorrie.skrzynski@hotmail.com,6256147773
82,Shem Maneylaws,shem.maneylaws@yahoo.com.br,9496221989
83,Ford Sanja,ford.sanja@gmail.com,0636596231
84,Walker Gilphillan,walker.gilphillan@gmail.com,7581518286
85,Dianne Bover,dianne.bover@hotmail.com,7761298667
86,Claudetta Novkovic,claudetta.novkovic@hotmail.com,0191637768
87,Pippo Huglin,pippo.huglin@yahoo.com,7431295083
88,Kitty Strangward,kitty.strangward@hotmail.com,2945008543
89,Mikkel Salamon,mikkel.salamon@earthlink.net,6996586113
90,Emma Blakeley,emma.blakeley@gmail.com,0646109469
91,Benedikt Muress,benedikt.muress@free.fr,5998351810
92,Dyane Vasilov,dyane.vasilov@yahoo.com,7153459755
93,Goldarina Samworth,goldarina.samworth@hotmail.com,8282169240
94,Avigdor Ianne,avigdor.ianne@yahoo.fr,7106684837
95,Ermanno Corrigan,ermanno.corrigan@yahoo.in,6026122866
96,Geordie Jillions,geordie.jillions@hotmail.com,8875968883
97,Sheffie Duester,sheffie.duester@yahoo.com,8474854798
98,Pablo Libermore,pablo.libermore@yahoo.com,8435910971
99,Garrik McLucky,garrik.mclucky@gmail.com,9173428181
100,Jaquelin Lindeboom,jaquelin.lindeboom@gmail.com,1429526938
101,Randolph Delve,randolph.delve@hotmail.com,0590905132
102,Kearney Maharry,kearney.maharry@live.co.uk,2765331033
103,Fina Brockton,fina.brockton@hotmail.com,3576732097
104,Orville Millis,orville.millis@gmail.com,7914507440
105,Fitzgerald Castan,fitzgerald.castan@gmail.com,5432184865
106,Siffre Harverson,siffre.harverson@yahoo.com,3166477192
107,Vance Defont,vance.defont@yahoo.es,9673300955
108,Leena Kaliszewski,leena.kaliszewski@hotmail.com,1100996414
109,Faustina Basilotta,faustina.basilotta@orange.fr,8442886666
110,Portia Castelletto,portia.castelletto@rediffmail.com,9863729424
