MaSinhVien,HoVaTen,Email,SoDienThoai,QueQuan
11,Yehudi Croley,yehudi.croley@yahoo.com,9890179527,"Luraville Road 8517, Thị Trấn Bắc Hà, Vietnam"
12,Tana Thoday,tana.thoday@gmail.com,2024182863,"Trinidad Court 14835, Xixiang, China"
13,Glynis Cardo,glynis.cardo@gmail.com,4081541467,"Mcsweeney Avenue 3140, Tres Arroyos, Argentina, 2445"
14,Dita Gammon,dita.gammon@yahoo.com,4643482791,"Grey Dove Lane 3614, Bang Krathum, Thailand, 65110"
15,Gianina Scardafield,gianina.scardafield@msn.com,2622614862,"Engdahl Place 14292, Sävsjö, Jönköping, Sweden, 576 24"
16,Sergio Tubritt,sergio.tubritt@neuf.fr,0877568097,"Hammond Place 269, Donghe, China"
17,Devonne Argrave,devonne.argrave@gmail.com,5579349285,"Burtoft Lane 13804, Sanrao, China"
18,Bancroft Gabbott,bancroft.gabbott@gmail.com,0600256068,"Birchbrook Loop 13567, Baishigou, China"
19,Renee Pinn,renee.pinn@gmail.com,7823131655,"Buchanan Place 3038, Gantang, China"
20,Townsend Wewell,townsend.wewell@aol.com,8200747307,"Donahe Path 4296, Paris 01, Île-de-France, France, 75032 CEDEX 01"
21,Dalli Daniell,dalli.daniell@gmail.com,6438186857,"Beville Place 6289, Ozatlán, El Salvador"
22,Ramsay Huccaby,ramsay.huccaby@yahoo.co.in,2247589604,"San Lorenzo Court 9160, Florencia, Colombia, 195047"
23,Steffie Bosman,steffie.bosman@yahoo.com,4487058235,"Avalon Avenue 6128, Qümong, China"
24,Ahmed Meake,ahmed.meake@yahoo.com,9034091002,"Ivawood Way 2202, Serikbuya, China"
25,Jordanna Ben,jordanna.ben@gmail.com,5196305558,"Crane Doran Place 2316, Páchni, Greece"
26,Terencio Spinage,terencio.spinage@gmail.com,4911322135,"Forestbrook Way 5759, Kasli, Russia, 456835"
27,Winifield Spellacy,winifield.spellacy@hotmail.com,3640061353,"Kim Lane 6962, Obsharovka, Russia, 445550"
28,Thatcher Moggle,thatcher.moggle@gmail.com,2670118623,"La France Court 4187, Mâcon, Bourgogne, France, 71009 CEDEX"
29,Mic Chastang,mic.chastang@hotmail.com,7438601925,"Randall Road 5240, Wichit, Thailand, 83120"
30,Theresina Jovis,theresina.jovis@yahoo.com,3985466976,"Niles Court 4559, Kamuli, Uganda"
31,Grazia Sayce,grazia.sayce@hotmail.com,6479421370,"Tompkins Street 3943, Sarnia, Ontario, Canada, N7V"
32,Curry Enston,curry.enston@wanadoo.fr,6426451631,"Mcdonald Court 7294, João Monlevade, Brazil, 35930-000"
33,Annnora Peeke,annnora.peeke@yahoo.co.uk,0194484868,"Guarino Lane 3923, Miętne, Poland, 08-420"
34,Alden Gorriessen,alden.gorriessen@yahoo.co.uk,0554938082,"Ashford Avenue 5962, Polowat, Micronesia"
35,Phyllys Asel,phyllys.asel@yahoo.fr,6662982198,"Grove Terrace 1313, Prroshyan, Armenia"
36,Griffith Feldhuhn,griffith.feldhuhn@aol.com,2287110648,"Rivera Road 12147, Diaopu, China"
37,Jeth Mioni,jeth.mioni@yahoo.com,1913830192,"Sanibel Court 11352, Seixal, Setúbal, Portugal, 2840-466"
38,Ardene Morfell,ardene.morfell@hotmail.com,4360297988,"San Meteo Avenue 2165, Napak, Uganda"
39,Lira Foch,lira.foch@yahoo.com,3794115135,"Red Hill Road 8357, Rio de Janeiro, Brazil, 20000-000"
40,Gwendolen Ropars,gwendolen.ropars@bigpond.com,6755135493,"Everwood Court 12535, Machala, Ecuador"
41,Lorenzo Scullin,lorenzo.scullin@hotmail.com,6446673492,"Brewton Terrace 5816, Xiyuan, China"
42,Pansy Ruffler,pansy.ruffler@yahoo.com,8896500719,"Helena Terrace 13929, Makarska, Croatia, 21300"
43,Glynis Haruard,glynis.haruard@gmail.com,4296524039,"Methvin Street 14024, Zelenoborskiy, Russia, 184021"
44,Shay Heggadon,shay.heggadon@hotmail.com,5582913308,"Meadowlark Avenue 1493, Sokółka, Poland, 16-101"
45,Grantley Zylberdik,grantley.zylberdik@sympatico.ca,4829284190,"VanBeck Circle 909, Jaguaruana, Brazil, 62823-000"
46,Caesar Pedley,caesar.pedley@wanadoo.fr,5966218174,"Wilder Path 11024, Moss, Ostfold, Norway, 1513"
47,Tilda Dies,tilda.dies@gmail.com,3573737943,"Van Deen Place 4109, Ban Na San, Thailand, 84120"
48,Niki Cogdon,niki.cogdon@gmail.com,9892130866,"9104 Maverick Way, Midland, Michigan, United States, 48670"
49,Isa Haddleton,isa.haddleton@orange.fr,8784323664,"Ives Lane 386, Sañgay, Philippines, 8006"
50,Bridget Berardt,bridget.berardt@gmail.com,5124079520,"Morven Park Way 2057, Zherdevka, Russia, 397100"
51,Lillian Bointon,lillian.bointon@ymail.com,9957101519,"Zydeco Court 11744, Noginsk, Russia, 601231"
52,Gretna Dorken,gretna.dorken@hotmail.com,9089360542,"Rieger Road 14048, Aimin, China"
53,Auberta Wormald,auberta.wormald@hotmail.com,1738432285,"Dees Drive 1185, Finiq, Albania"
54,Tate Turland,tate.turland@hotmail.it,1820460171,"Orrick Lane 650, Zongzhai, China"
55,Shelbi Dommerque,shelbi.dommerque@gmx.de,2027894074,"5180 Waters Lane, Washington, District of Columbia, United States, 20530"
56,Roselle Gass,roselle.gass@hotmail.com,1743041363,"Merryweather Way 2483, Bolesławiec, Poland, 98-430"
57,Korella Baldacchino,korella.baldacchino@gmail.com,5356051464,"Barrel Loop 4714, Suwalan, Indonesia"
58,Augustus Airdrie,augustus.airdrie@yahoo.com,0897503517,"Sunset Pointe Blvd. 3987, Velikooktyabr’skiy, Russia, 172715"
59,Carri Allday,carri.allday@gmail.com,2599324681,"Hensley Avenue 12303, Besuki Dua, Indonesia"
60,Mari McWilliam,mari.mcwilliam@hotmail.com,0839854365,"Gooding Place 10962, Norrköping, Östergötland, Sweden, 602 24"
61,Byrom Tubridy,byrom.tubridy@gmail.com,6618989312,"Allison Place 1117, Thorold, Ontario, Canada, L2V"
62,Nessi Norewood,nessi.norewood@aol.com,3588240341,"Oglethorpe Avenue 1465, Pointe-à-Pitre, Guadeloupe, Guadeloupe, 97019 CEDEX"
63,Gearard Beard,gearard.beard@yahoo.co.uk,8515924819,"Derringer Avenue 9659, Frederiksberg, Region Hovedstaden, Denmark, 1972"
64,Sinclair Fortman,sinclair.fortman@hotmail.com,3536155235,"Soledad Way 13758, Medan, Indonesia"
65,Frankie Amos,frankie.amos@yahoo.com,8082953971,"Coffman Loop 14504, Jinhaihu, China"
66,Sharon Spirritt,sharon.spirritt@hotmail.com,0412410740,"Lucky Lane 10287, L'Union, Midi-Pyrénées, France, 31244 CEDEX"
67,Fleming Caunt,fleming.caunt@gmail.com,0713260081,"Rosemont Loop 12297, Congonhas, Brazil, 36415-000"
68,Guenna Chettle,guenna.chettle@yahoo.com,0049541669,"Victory Drive 12056, Doumen, China"
69,Drud Prys,drud.prys@gmail.com,1246653456,"Alcove Loop 3370, Bajram Curri, Albania"
70,Megen Pibsworth,megen.pibsworth@yahoo.com,6081505531,"Moncada Lane 3369, Maomiaoji, China"
71,Vinny Stavers,vinny.stavers@gmail.com,1970927747,"Vandemark Street 105, Järfälla, Stockholm, Sweden, 175 54"
72,Debera McPhilip,debera.mcphilip@hotmail.es,7516976721,"Lazdowski Way 2957, Kabala, Sierra Leone"
73,Sibilla Vaney,sibilla.vaney@live.com,6053503789,"Amaya Avenue 14408, Concepción del Uruguay, Argentina, 3260"
74,Corbett Paunsford,corbett.paunsford@yahoo.com,8088223125,"Bachman Path 11395, Wąpielsk, Poland, 87-337"
75,Darby Benezet,darby.benezet@yahoo.com,5714186227,"839 St. Thomas Lane, Vienna, Virginia, United States, 22184"
76,Rockey Currom,rockey.currom@aol.com,3473380178,"Pueblo Place 6735, Keda, China"
77,Mahmoud Clerc,mahmoud.clerc@orange.fr,3088628762,"Polacheck Place 12354, Mikrókampos, Greece"
78,Hilliard Broddle,hilliard.broddle@yahoo.com,4191721561,"Kingston Way 10590, Del Pilar, Philippines, 5513"
79,Carolin Mulberry,carolin.mulberry@hotmail.com,1141666204,"New Haven Lane 6840, Tsuma, Japan, 881-0033"
80,Terri-jo Cadden,terri-jo.cadden@ymail.com,6752057481,"Fuentez Avenue 13550, Karlstad, Värmland, Sweden, 655 94"
81,Elyssa Eliaz,elyssa.eliaz@yahoo.com,2939114440,"Baldwin Run 1504, Fastiv, Ukraine"
82,Caz Jent,caz.jent@yahoo.com,9466650602,"Ventura Drive 6144, Oslo, Oslo, Norway, 0979"
83,Adrianna Dallicott,adrianna.dallicott@yahoo.fr,2609526281,"Anthony Terrace 3396, Nzega, Rwanda"
84,Witty Steer,witty.steer@hotmail.com,8908309403,"Danisha Court 7787, Kunri, Pakistan, 94101"
85,Genevra Tuffield,genevra.tuffield@gmail.com,7222847074,"Circlewood Court 207, La Mohammedia, Tunisia"
86,Vita Spikeings,vita.spikeings@hotmail.com,0850682497,"Sherfinski Avenue 8339, Gununglarang, Indonesia"
87,Emily Crumbie,emily.crumbie@hotmail.com,7181037917,"Hydrangea Avenue 9466, Piuí, Brazil, 58823-000"
88,Loreen Pershouse,loreen.pershouse@yahoo.com,7075094936,"Cordgrass Court 5088, Mixco, Guatemala, 01057"
89,Niven Rissen,niven.rissen@aol.com,1768177871,"McMurtrie Loop 7378, Tegalbuleud, Indonesia"
90,Delainey Moro,delainey.moro@yahoo.com,4534581195,"Rhoads Court 3204, Paris 16, Île-de-France, France, 75784 CEDEX 16"
91,Darryl Deathridge,darryl.deathridge@hotmail.com,4512201651,"Thorne Path 1983, Iñapari, Peru"
92,Sigmund Bleasby,sigmund.bleasby@yahoo.co.in,6570316236,"Newburn Lane 7605, Pousada, Viana do Castelo, Portugal, 4990-585"
93,Sinclare Harcase,sinclare.harcase@yahoo.com.au,9283266046,"Corder Run 5464, Gasan, Philippines, 4905"
94,Fawnia Ahern,fawnia.ahern@gmail.com,2964771641,"El Nino Street 1005, Pasco, Argentina, 5925"
95,Vergil Kohter,vergil.kohter@yahoo.com,3330103490,"Faith Terrace 2031, Troitsk, Russia, 428902"
96,Terra Calbert,terra.calbert@hotmail.com,7699436104,"Cottrell Court 102, Jugantang, Indonesia"
97,Katerine Huleatt,katerine.huleatt@gmail.com,8721133359,"Wittman Place 7791, Warudoyong, Indonesia"
98,Marga Stolting,marga.stolting@aol.com,3874531841,"Fairview Lane 4011, Escola, Braga, Portugal, 4890-341"
99,Keir Albrooke,keir.albrooke@gmail.com,9725308620,"Cason Hammock Path 13391, Palestina de los Altos, Guatemala, 09024"
100,Zebulen Kos,zebulen.kos@yahoo.com,3463298051,"Cottageville Lane 12936, Muang Xay, Laos"